customer_segment,Recency,Frequency,Monetary,Customer Count
Champion,17.782608695652176,186.9391304347826,8047.774095652174,115
Dormant Customers,77.58558558558559,21.84184184184184,402.36628628628625,999
Recent Customers,20.81111111111111,30.84747474747475,617.9766363636363,990
loyal Customer,25.07079646017699,133.6283185840708,1358.6395132743364,226
